Maturity-Weeks,K,Bid,Ask,Avg,Vol,S,Bid,Ask,Avg,Vol,r
3,600,268.2,271.2,269.7,0,866.23,0,0.05,0.025,90,0.000525
3,625,243.3,246.3,244.8,0,866.23,0.05,0.1,0.075,1512,0.000525
3,650,218.3,221.3,219.8,0,866.23,0.1,0.15,0.125,3681,0.000525
3,675,193.4,196.4,194.9,0,866.23,0.2,0.25,0.225,4348,0.000525
3,700,168.6,171.6,170.1,0,866.23,0.3,0.4,0.35,1976,0.000525
3,725,143.8,146.8,145.3,0,866.23,0.4,0.5,0.45,3975,0.000525
3,750,119.1,122,120.55,0,866.23,0.75,0.9,0.825,332,0.000525
3,775,94.4,97.4,95.9,0,866.23,1.25,1.5,1.375,2651,0.000525
3,800,70.2,73.2,71.7,1,866.23,2,2.25,2.125,1020,0.000525
3,825,47.7,49.5,48.6,145,866.23,3.5,4.3,3.9,514,0.000525
3,850,27.5,28.8,28.15,69,866.23,8,8.9,8.45,208,0.000525
3,875,12,13.3,12.65,299,866.23,17.2,18.5,17.85,115,0.000525
3,900,3.6,4.3,3.95,298,866.23,33.4,35.2,34.3,0,0.000525
3,925,0.7,1.1,0.9,473,866.23,55.3,57.1,56.2,0,0.000525
3,950,0.05,0.2,0.125,38,866.23,79.1,82.1,80.6,0,0.000525
3,200,666.7,669.7,668.2,0,866.23,0,0.05,0.025,0,0.000525
3,300,566.7,569.7,568.2,0,866.23,0,0.05,0.025,0,0.000525
3,320,546.7,549.7,548.2,0,866.23,0,0.05,0.025,0,0.000525
3,340,526.7,529.7,528.2,0,866.23,0,0.05,0.025,0,0.000525
3,350,516.7,519.7,518.2,0,866.23,0,0.05,0.025,0,0.000525
3,360,506.7,509.7,508.2,0,866.23,0,0.05,0.025,0,0.000525
3,380,486.7,489.7,488.2,0,866.23,0,0.05,0.025,0,0.000525
3,400,466.7,469.7,468.2,0,866.23,0,0.05,0.025,0,0.000525
3,420,446.8,449.8,448.3,0,866.23,0,0.05,0.025,0,0.000525
3,425,441.8,444.8,443.3,0,866.23,0,0.05,0.025,0,0.000525
3,440,426.8,429.8,428.3,0,866.23,0,0.05,0.025,0,0.000525
3,450,416.8,419.8,418.3,0,866.23,0,0.05,0.025,0,0.000525
3,460,406.8,409.8,408.3,0,866.23,0,0.05,0.025,134,0.000525
3,475,391.8,394.8,393.3,0,866.23,0,0.1,0.05,2061,0.000525
3,480,386.8,389.8,388.3,0,866.23,0.05,0.1,0.075,0,0.000525
3,490,376.8,379.8,378.3,0,866.23,0.05,0.1,0.075,95,0.000525
3,500,366.8,369.8,368.3,0,866.23,0.05,0.1,0.075,10079,0.000525
3,510,356.8,359.8,358.3,0,866.23,0.05,0.15,0.1,0,0.000525
3,515,351.8,354.8,353.3,0,866.23,0.05,0.15,0.1,100,0.000525
3,520,346.8,349.8,348.3,0,866.23,0.05,0.15,0.1,50,0.000525
3,525,341.9,344.9,343.4,0,866.23,0.05,0.15,0.1,0,0.000525
3,535,331.9,334.9,333.4,0,866.23,0.05,0.2,0.125,0,0.000525
3,540,326.9,329.9,328.4,0,866.23,0.1,0.2,0.15,2000,0.000525
3,550,316.9,319.9,318.4,0,866.23,0.15,0.2,0.175,438,0.000525
3,560,306.9,309.9,308.4,0,866.23,0.15,0.3,0.225,0,0.000525
3,565,302,305,303.5,0,866.23,0.15,0.3,0.225,0,0.000525
3,570,297,300,298.5,0,866.23,0.15,0.3,0.225,0,0.000525
3,575,292,295,293.5,55,866.23,0.25,0.3,0.275,11,0.000525
3,580,287,290,288.5,0,866.23,0.15,0.35,0.25,0,0.000525
3,585,282,285,283.5,0,866.23,0.15,0.35,0.25,0,0.000525
3,590,277.1,280.1,278.6,2,866.23,0.15,0.35,0.25,52,0.000525
3,595,272.1,275.1,273.6,0,866.23,0.15,0.4,0.275,0,0.000525
3,600,267.1,270.1,268.6,0,866.23,0.3,0.4,0.35,272,0.000525
3,605,262.1,265.1,263.6,0,866.23,0.2,0.45,0.325,0,0.000525
3,610,257.2,260.2,258.7,0,866.23,0.2,0.45,0.325,0,0.000525
3,615,252.2,255.2,253.7,0,866.23,0.2,0.5,0.35,0,0.000525
3,620,247.2,250.2,248.7,0,866.23,0.2,0.5,0.35,57,0.000525
3,625,242.3,245.3,243.8,0,866.23,0.35,0.55,0.45,224,0.000525
3,630,237.3,240.3,238.8,0,866.23,0.25,0.6,0.425,1,0.000525
3,635,232.4,235.4,233.9,0,866.23,0.2,0.85,0.525,0,0.000525
3,640,227.4,230.4,228.9,0,866.23,0.4,0.85,0.625,15,0.000525
3,645,222.4,225.4,223.9,0,866.23,0.5,0.85,0.675,1,0.000525
3,650,217.5,220.5,219,0,866.23,0.6,0.75,0.675,351,0.000525
3,655,212.5,215.5,214,0,866.23,0.35,1,0.675,0,0.000525
3,660,207.6,210.6,209.1,0,866.23,0.4,1,0.7,27,0.000525
3,665,202.6,205.6,204.1,0,866.23,0.45,1.05,0.75,5,0.000525
3,670,197.7,200.7,199.2,0,866.23,0.7,1.1,0.9,38,0.000525
3,675,192.7,195.7,194.2,55,866.23,0.55,1.2,0.875,2760,0.000525
3,680,187.8,190.8,189.3,0,866.23,0.95,1.25,1.1,5,0.000525
3,685,182.9,185.9,184.4,0,866.23,1.1,1.35,1.225,26,0.000525
3,690,178,181,179.5,0,866.23,1.15,1.4,1.275,58,0.000525
3,695,173,176,174.5,0,866.23,0.9,1.5,1.2,24,0.000525
3,700,168.1,171.1,169.6,2,866.23,1.35,1.6,1.475,10397,0.000525
3,705,163.3,166.3,164.8,0,866.23,1.1,1.7,1.4,35,0.000525
3,710,158.4,161.4,159.9,0,866.23,1.45,1.8,1.625,98,0.000525
3,715,153.5,156.5,155,0,866.23,1.55,1.95,1.75,1162,0.000525
3,720,148.7,151.7,150.2,0,866.23,1.5,2.1,1.8,72,0.000525
3,725,143.8,146.8,145.3,0,866.23,2,2.2,2.1,5544,0.000525
3,730,139,142,140.5,0,866.23,2.1,2.45,2.275,32,0.000525
3,735,134.2,137.2,135.7,10,866.23,2.05,2.65,2.35,80,0.000525
3,740,129.4,132.4,130.9,0,866.23,2.25,2.85,2.55,1303,0.000525
3,745,124.7,127.7,126.2,0,866.23,2.5,3.1,2.8,66,0.000525
3,750,120,123,121.5,5,866.23,3.2,3.4,3.3,2993,0.000525
3,755,115.3,118.3,116.8,0,866.23,3.3,3.8,3.55,65,0.000525
3,760,110.6,113.6,112.1,3,866.23,3.3,4.1,3.7,196,0.000525
3,765,106,109,107.5,0,866.23,3.7,4.5,4.1,35,0.000525
3,770,101.4,104.4,102.9,0,866.23,4.1,4.9,4.5,155,0.000525
3,775,96.9,99.9,98.4,0,866.23,4.6,5.1,4.85,4008,0.000525
3,780,92.4,95.4,93.9,0,866.23,5,6,5.5,32,0.000525
3,785,88,91,89.5,0,866.23,5.6,6.6,6.1,6,0.000525
3,790,83.6,86.6,85.1,30,866.23,6.2,7.2,6.7,618,0.000525
3,795,79.3,82.3,80.8,20,866.23,6.9,7.9,7.4,6,0.000525
3,800,75,78,76.5,9,866.23,7.6,8.1,7.85,21158,0.000525
3,805,70.8,73.8,72.3,0,866.23,8.4,9.4,8.9,553,0.000525
3,810,66.7,69.7,68.2,0,866.23,9.3,10.3,9.8,1235,0.000525
3,815,62.7,65.7,64.2,0,866.23,10.2,11.5,10.85,2697,0.000525
3,820,59.4,61.2,60.3,200,866.23,11.2,12.5,11.85,1436,0.000525
3,825,55.5,57.3,56.4,72,866.23,12.4,13.6,13,9793,0.000525
3,830,51.8,53.6,52.7,270,866.23,13.6,14.9,14.25,977,0.000525
3,835,48.2,50,49.1,105,866.23,15,16.3,15.65,435,0.000525
3,840,44.6,46.4,45.5,77,866.23,16.5,17.8,17.15,400,0.000525
3,845,41.2,43,42.1,43,866.23,18.1,19.4,18.75,42,0.000525
3,850,37.9,39.7,38.8,1960,866.23,19.8,21.1,20.45,15431,0.000525
3,855,34.8,36.6,35.7,617,866.23,21.6,22.9,22.25,645,0.000525
3,860,31.7,33.5,32.6,5528,866.23,23.6,24.9,24.25,4722,0.000525
3,865,29.1,30.4,29.75,590,866.23,25.7,27,26.35,114,0.000525
3,870,26.4,27.7,27.05,2673,866.23,27.9,29.2,28.55,491,0.000525
3,875,23.8,25.1,24.45,650,866.23,30.1,31.5,30.8,1455,0.000525
3,880,21.3,22.3,21.8,2725,866.23,32.6,34.5,33.55,8,0.000525
3,885,19,20.3,19.65,1068,866.23,35.4,37.2,36.3,24,0.000525
3,890,16.9,17.4,17.15,1054,866.23,38.2,40,39.1,54,0.000525
3,895,14.9,16.1,15.5,124,866.23,41.2,43,42.1,5,0.000525
3,900,13.1,13.6,13.35,16877,866.23,44.4,46.2,45.3,846,0.000525
3,905,11.4,12.6,12,271,866.23,47.7,49.5,48.6,0,0.000525
3,910,10,11,10.5,83,866.23,51.2,53,52.1,0,0.000525
3,915,8.7,9.6,9.15,98,866.23,54.8,56.6,55.7,0,0.000525
3,920,7.4,8.3,7.85,397,866.23,58.6,60.4,59.5,13,0.000525
3,925,6.3,7.1,6.7,3574,866.23,61.9,64.9,63.4,12,0.000525
3,930,5.3,6.3,5.8,2529,866.23,65.9,68.9,67.4,0,0.000525
3,935,4.6,5.3,4.95,79,866.23,70,73,71.5,0,0.000525
3,940,3.8,4.2,4,2930,866.23,74.3,77.3,75.8,0,0.000525
3,945,3.2,3.5,3.35,80,866.23,78.6,81.6,80.1,0,0.000525
3,950,2.7,2.85,2.775,2652,866.23,83.1,86.1,84.6,6,0.000525
3,955,2.2,2.8,2.5,75,866.23,87.6,90.6,89.1,0,0.000525
3,960,1.85,2.2,2.025,10489,866.23,92.2,95.2,93.7,0,0.000525
3,965,1.75,2.05,1.9,10468,866.23,96.8,99.8,98.3,0,0.000525
3,970,1.15,1.75,1.45,654,866.23,101.5,104.5,103,0,0.000525
3,975,0.9,1.2,1.05,3888,866.23,106.3,109.3,107.8,0,0.000525
3,980,0.7,1.3,1,96,866.23,111.1,114.1,112.6,0,0.000525
3,985,0.55,0.9,0.725,165,866.23,115.9,118.9,117.4,0,0.000525
3,990,0.4,1,0.7,601,866.23,120.7,123.7,122.2,0,0.000525
3,995,0.3,0.9,0.6,10,866.23,125.6,128.6,127.1,0,0.000525
3,1000,0.25,0.45,0.35,6168,866.23,130.5,133.5,132,0,0.000525
3,1005,0.15,0.75,0.45,0,866.23,135.5,138.5,137,0,0.000525
3,1010,0.15,0.65,0.4,0,866.23,140.4,143.4,141.9,0,0.000525
3,1015,0.15,0.6,0.375,0,866.23,145.3,148.3,146.8,0,0.000525
3,1020,0.05,0.25,0.15,2,866.23,150.3,153.3,151.8,0,0.000525
3,1025,0.05,0.3,0.175,774,866.23,155.3,158.3,156.8,0,0.000525
3,1050,0,0.1,0.05,48,866.23,180.1,183.1,181.6,0,0.000525
3,1060,0,0.1,0.05,0,866.23,190.1,193.1,191.6,0,0.000525
3,1075,0,0.1,0.05,1,866.23,205.1,208.1,206.6,0,0.000525
3,1100,0,0.05,0.025,0,866.23,230,233,231.5,7,0.000525
3,1125,0,0.1,0.05,0,866.23,255,258,256.5,0,0.000525
3,1150,0,0.1,0.05,0,866.23,280,283,281.5,0,0.000525
3,1175,0,0.1,0.05,0,866.23,305,308,306.5,0,0.000525
3,1200,0,0.05,0.025,0,866.23,330,333,331.5,0,0.000525
3,1225,0,0.05,0.025,0,866.23,355,358,356.5,0,0.000525
3,1250,0,0.05,0.025,0,866.23,379.9,382.9,381.4,0,0.000525
3,1275,0,0.05,0.025,0,866.23,404.9,407.9,406.4,0,0.000525
3,1300,0,0.05,0.025,0,866.23,429.9,432.9,431.4,0,0.000525
8,200,664.4,667.4,665.9,0,866.23,0,0.05,0.025,0,0.000833
8,250,614.4,617.4,615.9,0,866.23,0,0.05,0.025,0,0.000833
8,300,564.5,567.5,566,1400,866.23,0,0.05,0.025,1520,0.000833
8,350,514.6,517.6,516.1,0,866.23,0,0.35,0.175,0,0.000833
8,375,489.7,492.7,491.2,0,866.23,0,0.4,0.2,0,0.000833
8,400,464.8,467.8,466.3,0,866.23,0.1,0.2,0.15,200,0.000833
8,425,439.9,442.9,441.4,0,866.23,0,0.3,0.15,0,0.000833
8,440,425,428,426.5,0,866.23,0.1,0.4,0.25,0,0.000833
8,450,415,418,416.5,0,866.23,0.1,0.4,0.25,0,0.000833
8,465,400.1,403.1,401.6,0,866.23,0.15,0.45,0.3,0,0.000833
8,475,390.2,393.2,391.7,0,866.23,0.2,0.5,0.35,250,0.000833
8,490,375.3,378.3,376.8,0,866.23,0.3,0.9,0.6,145,0.000833
8,500,365.4,368.4,366.9,0,866.23,0.4,0.6,0.5,2196,0.000833
8,510,355.5,358.5,357,0,866.23,0.45,0.75,0.6,30,0.000833
8,515,350.5,353.6,352.05,0,866.23,0.5,0.8,0.65,25,0.000833
8,520,345.6,348.6,347.1,0,866.23,0.55,0.95,0.75,0,0.000833
8,525,340.7,343.7,342.2,0,866.23,0.6,0.85,0.725,115,0.000833
8,530,335.7,338.7,337.2,0,866.23,0.65,1.25,0.95,0,0.000833
8,540,325.8,328.8,327.3,0,866.23,0.75,1.05,0.9,0,0.000833
8,550,315.9,318.9,317.4,0,866.23,0.85,1.2,1.025,1936,0.000833
8,560,306.1,309.1,307.6,0,866.23,1,1.6,1.3,0,0.000833
8,565,301.2,304.2,302.7,0,866.23,1.1,1.7,1.4,0,0.000833
8,570,296.3,299.3,297.8,0,866.23,1.15,1.8,1.475,15,0.000833
8,575,291.4,294.4,292.9,0,866.23,1.25,1.65,1.45,282,0.000833
8,580,286.5,289.5,288,0,866.23,1.35,1.95,1.65,0,0.000833
8,585,281.6,284.6,283.1,0,866.23,1.45,2.05,1.75,0,0.000833
8,590,276.7,279.7,278.2,0,866.23,1.55,2.15,1.85,0,0.000833
8,595,271.8,274.8,273.3,0,866.23,1.65,2.25,1.95,0,0.000833
8,600,266.9,269.9,268.4,0,866.23,1.85,2.05,1.95,2673,0.000833
8,605,262,265,263.5,0,866.23,1.9,2.5,2.2,0,0.000833
8,610,257.2,260.2,258.7,0,866.23,2.05,2.65,2.35,0,0.000833
8,615,252.3,255.3,253.8,0,866.23,2.2,2.8,2.5,0,0.000833
8,620,247.5,250.5,249,0,866.23,2.35,2.95,2.65,0,0.000833
8,625,242.6,245.7,244.15,0,866.23,2.5,2.85,2.675,1309,0.000833
8,630,237.8,240.8,239.3,0,866.23,2.85,3.3,3.075,0,0.000833
8,635,233,236,234.5,0,866.23,2.85,3.5,3.175,0,0.000833
8,640,228.2,231.2,229.7,0,866.23,3,3.6,3.3,6,0.000833
8,645,223.4,226.4,224.9,0,866.23,3.2,4,3.6,0,0.000833
8,650,218.7,221.7,220.2,0,866.23,3.5,3.9,3.7,5213,0.000833
8,655,213.9,216.9,215.4,0,866.23,3.6,4.4,4,5,0.000833
8,660,209.2,212.2,210.7,0,866.23,3.9,4.7,4.3,0,0.000833
8,665,204.4,207.4,205.9,0,866.23,4.2,5,4.6,0,0.000833
8,670,199.7,202.7,201.2,0,866.23,4.4,5.2,4.8,7,0.000833
8,675,195.1,198.1,196.6,0,866.23,4.7,5.4,5.05,526,0.000833
8,680,190.4,193.4,191.9,0,866.23,5,6,5.5,13,0.000833
8,685,185.7,188.8,187.25,0,866.23,5.3,6.3,5.8,3,0.000833
8,690,181.1,184.1,182.6,0,866.23,5.7,6.7,6.2,20,0.000833
8,695,176.5,179.5,178,0,866.23,6.1,7.1,6.6,0,0.000833
8,700,172,175,173.5,1,866.23,6.7,7.1,6.9,11091,0.000833
8,705,167.4,170.4,168.9,0,866.23,7,8,7.5,0,0.000833
8,710,162.9,165.9,164.4,0,866.23,7.4,8.4,7.9,2,0.000833
8,715,158.4,161.4,159.9,0,866.23,8,9,8.5,41,0.000833
8,720,154,157,155.5,0,866.23,8.5,9.5,9,1,0.000833
8,725,149.5,152.5,151,0,866.23,9.1,10.1,9.6,647,0.000833
8,730,145.1,148.1,146.6,0,866.23,9.7,10.7,10.2,20,0.000833
8,735,140.8,143.8,142.3,0,866.23,10.1,11.5,10.8,6,0.000833
8,740,136.5,139.5,138,0,866.23,10.8,12.1,11.45,22,0.000833
8,745,132.2,135.2,133.7,0,866.23,11.5,12.8,12.15,3,0.000833
8,750,127.9,130.9,129.4,0,866.23,12.5,13.6,13.05,3157,0.000833
8,755,123.7,126.7,125.2,0,866.23,13.1,14.4,13.75,5,0.000833
8,760,119.6,122.6,121.1,100,866.23,13.9,15.2,14.55,23,0.000833
8,765,115.5,118.5,117,0,866.23,14.8,16.1,15.45,7,0.000833
8,770,111.4,114.4,112.9,0,866.23,15.8,17.1,16.45,10,0.000833
8,775,107.4,110.4,108.9,0,866.23,16.7,18,17.35,2084,0.000833
8,780,103.4,106.4,104.9,0,866.23,17.7,19,18.35,195,0.000833
8,785,99.5,102.5,101,1,866.23,18.8,20.1,19.45,2,0.000833
8,790,95.6,98.6,97.1,1,866.23,20,21.3,20.65,4,0.000833
8,795,91.8,94.8,93.3,0,866.23,21.1,22.4,21.75,14,0.000833
8,800,88.1,91.1,89.6,234,866.23,22.6,23.7,23.15,3981,0.000833
8,805,84.4,87.3,85.85,0,866.23,23.7,25,24.35,1,0.000833
8,810,80.8,83.8,82.3,3,866.23,25.1,26.4,25.75,20,0.000833
8,815,77.2,80.2,78.7,0,866.23,26.5,27.8,27.15,0,0.000833
8,820,73.8,76.7,75.25,0,866.23,28,29.3,28.65,1320,0.000833
8,825,70.3,73.2,71.75,101,866.23,29.6,30.9,30.25,5531,0.000833
8,830,67,69.9,68.45,1,866.23,31,32.8,31.9,0,0.000833
8,835,63.7,66.6,65.15,0,866.23,32.7,34.5,33.6,4,0.000833
8,840,60.5,63.5,62,14,866.23,34.5,36.3,35.4,385,0.000833
8,845,58,59.8,58.9,140,866.23,36.4,38.2,37.3,151,0.000833
8,850,55,56.8,55.9,6154,866.23,38.4,40.2,39.3,13880,0.000833
8,855,52,53.8,52.9,4305,866.23,40.4,42.2,41.3,4296,0.000833
8,860,49.1,50.9,50,8357,866.23,42.5,44.3,43.4,8706,0.000833
8,865,46.3,48.1,47.2,8174,866.23,44.7,46.5,45.6,8734,0.000833
8,870,43.6,45.4,44.5,354,866.23,47,48.8,47.9,149,0.000833
8,875,41.6,42.8,42.2,14501,866.23,49.4,51.2,50.3,1501,0.000833
8,880,38.5,40.3,39.4,3861,866.23,51.9,53.7,52.8,8,0.000833
8,885,36.1,37.9,37,17,866.23,54.4,56.2,55.3,0,0.000833
8,890,33.7,35.5,34.6,1,866.23,57.1,58.9,58,0,0.000833
8,895,31.5,33.3,32.4,1,866.23,59.8,61.6,60.7,0,0.000833
8,900,30,30.9,30.45,6090,866.23,62,65,63.5,208,0.000833
8,905,27.5,28.8,28.15,30,866.23,65,68,66.5,0,0.000833
8,910,25.5,26.8,26.15,183,866.23,68,71,69.5,0,0.000833
8,915,23.6,24.9,24.25,5,866.23,71.1,74.1,72.6,0,0.000833
8,920,21.8,23.1,22.45,2,866.23,74.3,77.3,75.8,0,0.000833
8,925,20.1,21.5,20.8,1586,866.23,77.6,80.6,79.1,0,0.000833
8,930,18.5,19.8,19.15,20,866.23,81,84,82.5,0,0.000833
8,935,17,18,17.5,35,866.23,84.5,87.5,86,0,0.000833
8,940,15.6,16.9,16.25,1,866.23,88,91,89.5,0,0.000833
8,945,14.2,15.6,14.9,0,866.23,91.7,94.7,93.2,0,0.000833
8,950,13,14,13.5,7324,866.23,95.4,98.4,96.9,1,0.000833
8,955,11.8,13.1,12.45,18,866.23,99.2,102.2,100.7,0,0.000833
8,960,10.7,12,11.35,32,866.23,103.1,106.1,104.6,0,0.000833
8,965,9.8,10.8,10.3,0,866.23,107.1,110.1,108.6,0,0.000833
8,970,8.9,9.9,9.4,13,866.23,111.2,114.2,112.7,0,0.000833
8,975,8,8.4,8.2,1873,866.23,115.3,118.3,116.8,0,0.000833
8,980,7.2,8.2,7.7,15,866.23,119.5,122.5,121,0,0.000833
8,985,6.5,7.5,7,10,866.23,123.7,126.7,125.2,0,0.000833
8,990,5.8,6.8,6.3,14,866.23,128,131,129.5,0,0.000833
8,995,5.1,6.1,5.6,3,866.23,132.4,135.4,133.9,0,0.000833
8,1000,4.7,5,4.85,2291,866.23,136.8,139.8,138.3,2,0.000833
8,1005,4.1,4.9,4.5,3,866.23,141.3,144.3,142.8,0,0.000833
8,1010,3.7,4.5,4.1,35,866.23,145.8,148.8,147.3,0,0.000833
8,1015,3.2,4,3.6,12,866.23,150.4,153.4,151.9,0,0.000833
8,1020,2.9,3.6,3.25,20,866.23,155,158,156.5,0,0.000833
8,1025,2.6,2.9,2.75,212,866.23,159.6,162.6,161.1,0,0.000833
8,1030,2.3,2.9,2.6,5,866.23,164.3,167.3,165.8,0,0.000833
8,1035,2,2.6,2.3,10,866.23,169,172,170.5,0,0.000833
8,1040,1.75,2.35,2.05,5,866.23,173.7,176.7,175.2,0,0.000833
8,1050,1.3,1.6,1.45,192,866.23,183.3,186.3,184.8,0,0.000833
8,1060,0.95,1.6,1.275,0,866.23,192.9,195.9,194.4,0,0.000833
8,1070,0.7,1.3,1,22,866.23,202.7,205.7,204.2,0,0.000833
8,1075,0.6,0.9,0.75,19,866.23,207.5,210.5,209,0,0.000833
8,1080,0.5,1.1,0.8,0,866.23,212.4,215.4,213.9,0,0.000833
8,1090,0.35,0.95,0.65,0,866.23,222.3,225.3,223.8,0,0.000833
8,1100,0.2,0.5,0.35,0,866.23,232.1,235.1,233.6,0,0.000833
8,1125,0.05,0.65,0.35,0,866.23,256.9,259.9,258.4,0,0.000833
8,1150,0.05,0.55,0.3,0,866.23,281.8,284.8,283.3,0,0.000833
8,1175,0.05,0.45,0.25,0,866.23,306.7,309.7,308.2,0,0.000833
8,1180,0,0.45,0.225,0,866.23,311.7,314.7,313.2,0,0.000833
8,1185,0,0.4,0.2,0,866.23,316.6,319.6,318.1,0,0.000833
8,1190,0,0.4,0.2,0,866.23,321.6,324.6,323.1,0,0.000833
8,1195,0,0.4,0.2,0,866.23,326.6,329.6,328.1,0,0.000833
8,1200,0,0.15,0.075,0,866.23,331.6,334.6,333.1,0,0.000833
8,1225,0,0.15,0.075,0,866.23,356.5,359.5,358,0,0.000833
8,1250,0,0.15,0.075,0,866.23,381.5,384.5,383,0,0.000833
8,1275,0,0.15,0.075,0,866.23,406.5,409.5,408,0,0.000833
8,1300,0,0.15,0.075,1400,866.23,431.4,434.4,432.9,1400,0.000833
8,1325,0,0.05,0.025,0,866.23,456.4,459.4,457.9,0,0.000833
8,1350,0,0.15,0.075,0,866.23,481.4,484.4,482.9,0,0.000833
8,1375,0,0.15,0.075,0,866.23,506.3,509.3,507.8,0,0.000833
8,1400,0,0.05,0.025,0,866.23,531.3,534.3,532.8,0,0.000833
8,1425,0,0.2,0.1,0,866.23,556.3,559.3,557.8,0,0.000833
8,1450,0,0.05,0.025,0,866.23,581.2,584.2,582.7,0,0.000833
8,1475,0,0.15,0.075,0,866.23,606.2,609.2,607.7,0,0.000833
8,1500,0,0.05,0.025,0,866.23,631.2,634.2,632.7,0,0.000833
8,1525,0,0.15,0.075,0,866.23,656.2,659.2,657.7,0,0.000833
8,1550,0,0.05,0.025,0,866.23,681.1,684.1,682.6,0,0.000833
8,1575,0,0.15,0.075,0,866.23,706.1,709.1,707.6,0,0.000833
8,1600,0,0.05,0.025,0,866.23,731.1,734.1,732.6,0,0.000833
8,1650,0,0.15,0.075,0,866.23,781,784,782.5,0,0.000833
8,1700,0,0.15,0.075,0,866.23,831,834,832.5,0,0.000833
8,1800,0,0.05,0.025,0,866.23,930.8,933.8,932.3,0,0.000833
8,1900,0,0.05,0.025,0,866.23,1030.7,1033.7,1032.2,0,0.000833
8,400,464.6,467.6,466.1,0,866.23,0,0.55,0.275,0,0.000833
8,425,439.8,442.8,441.3,0,866.23,0.1,0.7,0.4,940,0.000833
8,450,415,418,416.5,0,866.23,0.25,0.85,0.55,137,0.000833
8,475,390.2,393.2,391.7,0,866.23,0.45,1.05,0.75,25,0.000833
8,500,365.5,368.5,367,0,866.23,0.65,1.25,0.95,0,0.000833
8,525,340.8,343.8,342.3,0,866.23,0.9,1.55,1.225,0,0.000833
8,550,316.2,319.2,317.7,0,866.23,1.35,1.95,1.65,0,0.000833
8,575,291.8,294.8,293.3,0,866.23,1.85,2.45,2.15,0,0.000833
8,600,267.5,270.5,269,0,866.23,2.55,3.2,2.875,0,0.000833
8,625,243.5,246.5,245,0,866.23,3.4,4.2,3.8,588,0.000833
8,650,219.8,222.8,221.3,0,866.23,4.7,5.5,5.1,6,0.000833
8,675,196.5,199.5,198,0,866.23,6.3,7.3,6.8,0,0.000833
8,700,173.9,176.9,175.4,0,866.23,8.6,9.6,9.1,4,0.000833
8,725,151.9,154.9,153.4,0,866.23,11.4,12.7,12.05,0,0.000833
8,750,130.8,133.8,132.3,0,866.23,15.3,16.6,15.95,0,0.000833
8,775,110.7,113.7,112.2,0,866.23,20.1,21.4,20.75,0,0.000833
8,800,91.8,94.8,93.3,0,866.23,26.2,27.6,26.9,1,0.000833
8,825,74.4,77.2,75.8,0,866.23,33.6,35.4,34.5,2,0.000833
8,850,59.2,61,60.1,3,866.23,42.8,44.6,43.7,173,0.000833
8,875,45.3,47.1,46.2,0,866.23,53.8,55.6,54.7,0,0.000833
8,900,33.5,35.3,34.4,31,866.23,66.3,69,67.65,0,0.000833
8,950,16.3,17.6,16.95,0,866.23,98.8,101.6,100.2,0,0.000833
8,1000,6.6,7.6,7.1,0,866.23,138.9,141.9,140.4,0,0.000833
8,1050,2.25,2.85,2.55,1,866.23,184.3,187.3,185.8,0,0.000833
8,1100,0.55,1.15,0.85,0,866.23,232.6,235.6,234.1,0,0.000833
8,1125,0.2,0.8,0.5,0,866.23,257.2,260.2,258.7,0,0.000833
8,1150,0.05,0.65,0.35,0,866.23,282,285,283.5,0,0.000833
8,1175,0.05,0.55,0.3,0,866.23,306.8,309.8,308.3,0,0.000833
8,1200,0,0.45,0.225,0,866.23,331.7,334.7,333.2,0,0.000833
8,1225,0,0.4,0.2,0,866.23,356.6,359.6,358.1,0,0.000833
8,1250,0,0.2,0.1,0,866.23,381.6,384.6,383.1,0,0.000833
8,1275,0,0.2,0.1,0,866.23,406.5,409.5,408,0,0.000833
8,1300,0,0.2,0.1,0,866.23,431.5,434.5,433,0,0.000833
8,1325,0,0.2,0.1,0,866.23,456.4,459.4,457.9,0,0.000833
8,1350,0,0.2,0.1,0,866.23,481.4,484.4,482.9,0,0.000833
8,1375,0,0.2,0.1,0,866.23,506.4,509.4,507.9,0,0.000833
8,1400,0,0.2,0.1,0,866.23,531.3,534.3,532.8,0,0.000833
8,1425,0,0.2,0.1,0,866.23,556.3,559.3,557.8,0,0.000833
8,1450,0,0.2,0.1,0,866.23,581.3,584.3,582.8,0,0.000833
8,1475,0,0.2,0.1,0,866.23,606.2,609.2,607.7,0,0.000833
8,1500,0,0.2,0.1,0,866.23,631.2,634.2,632.7,0,0.000833
8,1550,0,0.2,0.1,0,866.23,681.1,684.1,682.6,0,0.000833
8,1600,0,0.1,0.05,0,866.23,731.1,734.1,732.6,0,0.000833
8,1650,0,0.1,0.05,0,866.23,781,784,782.5,0,0.000833
12,200,662.9,665.9,664.4,0,866.23,0,0.15,0.075,0,0.000967
12,250,613,616,614.5,0,866.23,0,0.3,0.15,0,0.000967
12,300,563.2,566.2,564.7,0,866.23,0.05,0.35,0.2,0,0.000967
12,350,513.4,516.4,514.9,0,866.23,0,0.5,0.25,0,0.000967
12,400,463.7,466.7,465.2,0,866.23,0.15,0.75,0.45,0,0.000967
12,450,414.2,417.2,415.7,0,866.23,0.6,1.15,0.875,0,0.000967
12,475,389.5,392.5,391,0,866.23,0.8,1.4,1.1,0,0.000967
12,500,364.9,367.9,366.4,0,866.23,1.1,1.7,1.4,0,0.000967
12,510,355.1,358.1,356.6,0,866.23,1.25,1.85,1.55,0,0.000967
12,520,345.3,348.3,346.8,0,866.23,1.45,2.05,1.75,0,0.000967
12,525,340.4,343.4,341.9,0,866.23,1.55,2.15,1.85,0,0.000967
12,530,335.5,338.5,337,0,866.23,1.65,2.25,1.95,0,0.000967
12,540,325.7,328.7,327.2,0,866.23,1.85,2.45,2.15,0,0.000967
12,550,316,319,317.5,0,866.23,2.1,2.7,2.4,0,0.000967
12,560,306.3,309.3,307.8,0,866.23,2.4,3,2.7,1,0.000967
12,570,296.6,299.6,298.1,0,866.23,2.7,3.3,3,0,0.000967
12,575,291.8,294.8,293.3,0,866.23,2.85,3.5,3.175,0,0.000967
12,580,287,290,288.5,0,866.23,3,3.6,3.3,0,0.000967
12,585,282.2,285.2,283.7,0,866.23,3.1,3.9,3.5,0,0.000967
12,590,277.4,280.4,278.9,0,866.23,3.3,4.1,3.7,0,0.000967
12,600,267.8,270.8,269.3,0,866.23,3.8,4.6,4.2,2,0.000967
12,610,258.3,261.3,259.8,0,866.23,4.3,5.1,4.7,0,0.000967
12,615,253.6,256.6,255.1,0,866.23,4.5,5.3,4.9,0,0.000967
12,620,248.9,251.9,250.4,0,866.23,4.8,5.6,5.2,0,0.000967
12,625,244.2,247.2,245.7,0,866.23,5,6,5.5,1,0.000967
12,630,239.5,242.5,241,0,866.23,5.3,6.3,5.8,0,0.000967
12,640,230.2,233.2,231.7,0,866.23,5.9,7,6.45,0,0.000967
12,650,220.9,223.9,222.4,0,866.23,6.7,7.7,7.2,267,0.000967
12,660,211.8,214.8,213.3,0,866.23,7.5,8.5,8,0,0.000967
12,670,202.7,205.7,204.2,0,866.23,8.4,9.4,8.9,0,0.000967
12,675,198.2,201.2,199.7,0,866.23,8.9,9.9,9.4,22,0.000967
12,680,193.7,196.7,195.2,0,866.23,9.4,10.4,9.9,0,0.000967
12,690,184.9,187.9,186.4,0,866.23,10.4,11.7,11.05,0,0.000967
12,700,176.1,179.1,177.6,0,866.23,12,12.9,12.45,28,0.000967
12,710,167.4,170.4,168.9,0,866.23,12.9,14.2,13.55,0,0.000967
12,720,158.9,161.9,160.4,0,866.23,14.4,15.7,15.05,0,0.000967
12,725,154.7,157.7,156.2,0,866.23,15.2,16.5,15.85,100,0.000967
12,730,150.5,153.5,152,0,866.23,16,17.3,16.65,0,0.000967
12,740,142.3,145.3,143.8,0,866.23,17.7,19,18.35,0,0.000967
12,750,134.2,137.2,135.7,3,866.23,19.6,20.9,20.25,8947,0.000967
12,760,126.3,129.3,127.8,0,866.23,21.7,23,22.35,5,0.000967
12,770,118.5,121.5,120,0,866.23,23.9,25.2,24.55,0,0.000967
12,775,114.7,117.7,116.2,0,866.23,25.1,26.4,25.75,2288,0.000967
12,780,110.9,113.9,112.4,0,866.23,26.3,27.6,26.95,0,0.000967
12,790,103.6,106.6,105.1,0,866.23,28.9,30.2,29.55,3,0.000967
12,800,96.4,99.4,97.9,0,866.23,31.5,33.3,32.4,3206,0.000967
12,810,89.5,92.4,90.95,0,866.23,34.5,36.3,35.4,0,0.000967
12,815,86.1,89,87.55,0,866.23,36.1,37.9,37,0,0.000967
12,820,82.7,85.6,84.15,0,866.23,37.8,39.6,38.7,0,0.000967
12,825,79.5,82.4,80.95,1,866.23,39.5,41.3,40.4,300,0.000967
12,830,76.2,79.2,77.7,0,866.23,41.3,43.1,42.2,0,0.000967
12,840,70,72.7,71.35,0,866.23,45,46.8,45.9,0,0.000967
12,850,64,66.8,65.4,0,866.23,49,50.8,49.9,6525,0.000967
12,860,58.9,60.7,59.8,20,866.23,53.3,55.1,54.2,0,0.000967
12,870,53.5,55.3,54.4,1,866.23,57.8,59.6,58.7,0,0.000967
12,875,50.9,52.7,51.8,500,866.23,59.6,62.6,61.1,3,0.000967
12,880,48.3,50.1,49.2,27,866.23,62.1,65.1,63.6,0,0.000967
12,890,43.5,45.3,44.4,0,866.23,67.2,70.2,68.7,0,0.000967
12,900,38.9,40.7,39.8,665,866.23,72.6,75.6,74.1,1,0.000967
12,910,34.7,36.4,35.55,0,866.23,78.3,81.3,79.8,0,0.000967
12,920,30.7,32.4,31.55,20,866.23,84.4,87.4,85.9,0,0.000967
12,925,29.1,30.4,29.75,426,866.23,87.5,90.5,89,0,0.000967
12,930,27.3,28.6,27.95,0,866.23,90.7,93.7,92.2,0,0.000967
12,940,23.9,25.2,24.55,0,866.23,97.3,100.3,98.8,0,0.000967
12,950,20.9,22,21.45,1368,866.23,104.2,107.2,105.7,4,0.000967
12,955,19.4,20.7,20.05,0,866.23,107.8,110.8,109.3,0,0.000967
12,960,18.1,19.3,18.7,0,866.23,111.4,114.4,112.9,0,0.000967
12,970,15.6,16.7,16.15,0,866.23,118.9,121.9,120.4,0,0.000967
12,975,14.4,15.6,15,0,866.23,122.7,125.7,124.2,0,0.000967
12,980,13.3,14.5,13.9,0,866.23,126.6,129.6,128.1,0,0.000967
12,990,11.3,12.5,11.9,0,866.23,134.6,137.6,136.1,0,0.000967
12,1000,9.7,10.6,10.15,1283,866.23,142.8,145.8,144.3,0,0.000967
12,1010,8.1,9.1,8.6,2,866.23,151.2,154.2,152.7,0,0.000967
12,1015,7.4,8.4,7.9,0,866.23,155.5,158.5,157,0,0.000967
12,1020,6.8,7.7,7.25,0,866.23,159.9,162.9,161.4,0,0.000967
12,1025,6.2,7.1,6.65,23,866.23,164.3,167.3,165.8,0,0.000967
12,1030,5.6,6.6,6.1,0,866.23,168.7,171.7,170.2,0,0.000967
12,1035,5.1,6.1,5.6,0,866.23,173.1,176.2,174.65,0,0.000967
12,1040,4.7,5.5,5.1,0,866.23,177.7,180.7,179.2,0,0.000967
12,1050,3.8,4.6,4.2,0,866.23,186.8,189.8,188.3,0,0.000967
12,1060,3.1,3.9,3.5,0,866.23,196,199,197.5,0,0.000967
12,1075,2.35,2.95,2.65,0,866.23,210.1,213.1,211.6,0,0.000967
12,1100,1.3,1.9,1.6,5,866.23,234.1,237.1,235.6,0,0.000967
12,1150,0.3,0.9,0.6,0,866.23,283,286,284.5,0,0.000967
12,1200,0.1,0.6,0.35,0,866.23,332.6,335.6,334.1,0,0.000967
12,1250,0,0.2,0.1,0,866.23,382.3,385.3,383.8,0,0.000967
17,200,660.4,663.4,661.9,0,866.23,0,0.3,0.15,0,0.00165
17,300,561,564,562.5,0,866.23,0,0.55,0.275,0,0.00165
17,350,511.4,514.4,512.9,0,866.23,0.25,0.9,0.575,0,0.00165
17,400,461.9,464.9,463.4,0,866.23,0.65,1.25,0.95,0,0.00165
17,425,437.3,440.3,438.8,0,866.23,0.95,1.55,1.25,0,0.00165
17,450,412.8,415.8,414.3,0,866.23,1.35,1.95,1.65,0,0.00165
17,475,388.3,391.3,389.8,0,866.23,1.85,2.45,2.15,0,0.00165
17,500,364,367,365.5,0,866.23,2.45,3.1,2.775,0,0.00165
17,525,339.9,342.9,341.4,0,866.23,3.2,4,3.6,0,0.00165
17,550,316,319,317.5,0,866.23,4.2,5,4.6,0,0.00165
17,575,292.4,295.4,293.9,0,866.23,5.4,6.4,5.9,0,0.00165
17,600,269.1,272.1,270.6,0,866.23,7.1,8.1,7.6,0,0.00165
17,625,246.2,249.2,247.7,0,866.23,9.1,10.1,9.6,0,0.00165
17,650,223.9,226.9,225.4,0,866.23,11.6,12.9,12.25,0,0.00165
17,675,202.1,205.1,203.6,0,866.23,14.7,16,15.35,6,0.00165
17,700,181,184,182.5,0,866.23,18.5,19.8,19.15,0,0.00165
17,725,160.6,163.6,162.1,0,866.23,23.1,24.4,23.75,200,0.00165
17,750,141.1,144.1,142.6,0,866.23,28.5,29.8,29.15,1,0.00165
17,770,126.2,129.2,127.7,0,866.23,33.3,35.1,34.2,0,0.00165
17,775,122.6,125.6,124.1,0,866.23,34.7,36.5,35.6,0,0.00165
17,800,105.2,108.1,106.65,0,866.23,42.2,44,43.1,883,0.00165
17,825,88.9,91.8,90.35,0,866.23,50.9,52.7,51.8,200,0.00165
17,850,74,76.7,75.35,0,866.23,60.3,63.3,61.8,4652,0.00165
17,875,60.5,63.3,61.9,330,866.23,71.7,74.7,73.2,0,0.00165
17,900,49.1,50.9,50,0,866.23,84.7,87.4,86.05,0,0.00165
17,925,38.6,40.4,39.5,0,866.23,99.1,101.9,100.5,0,0.00165
17,950,29.9,31.3,30.6,268,866.23,115.1,118,116.55,82,0.00165
17,975,22.5,23.8,23.15,206,866.23,132.6,135.5,134.05,0,0.00165
17,1000,16.5,17.8,17.15,1,866.23,151.5,154.5,153,1,0.00165
17,1025,11.8,13,12.4,0,866.23,171.7,174.7,173.2,0,0.00165
17,1050,8.3,9.3,8.8,0,866.23,193,196,194.5,0,0.00165
17,1075,5.6,6.6,6.1,0,866.23,215.3,218.3,216.8,0,0.00165
17,1100,3.8,4.6,4.2,0,866.23,238.3,241.3,239.8,0,0.00165
17,1150,1.55,2.15,1.85,20,866.23,285.8,288.8,287.3,0,0.00165
17,1200,0.6,1.2,0.9,0,866.23,334.8,337.8,336.3,0,0.00165
17,1250,0.15,0.7,0.425,0,866.23,384.2,387.2,385.7,0,0.00165
17,1300,0,0.55,0.275,0,866.23,433.9,436.9,435.4,0,0.00165
17,1350,0,0.4,0.2,0,866.23,483.5,486.5,485,0,0.00165
17,1400,0,0.35,0.175,0,866.23,533.4,536.4,534.9,0,0.00165
17,1450,0,0.35,0.175,0,866.23,583.2,586.2,584.7,0,0.00165
17,1500,0,0.3,0.15,0,866.23,633.1,636.1,634.6,0,0.00165
17,1550,0,0.3,0.15,0,866.23,682.9,685.9,684.4,0,0.00165
21,200,659,662,660.5,0,866.23,0.1,0.3,0.2,99,0.00229
21,250,609.3,612.3,610.8,0,866.23,0,0.5,0.25,0,0.00229
21,300,559.7,562.7,561.2,0,866.23,0.15,0.75,0.45,0,0.00229
21,350,510.3,513.3,511.8,0,866.23,0.5,1.1,0.8,0,0.00229
21,400,461,464,462.5,0,866.23,1.1,1.7,1.4,15,0.00229
21,450,412.2,415.2,413.7,0,866.23,2.1,2.7,2.4,0,0.00229
21,500,364,367,365.5,0,866.23,3.6,4.4,4,0,0.00229
21,525,340.2,343.2,341.7,0,866.23,4.7,5.5,5.1,0,0.00229
21,530,0,0,0,0,866.23,0,0,0,0,0.00229
21,540,0,0,0,0,866.23,0,0,0,0,0.00229
21,550,316.7,319.7,318.2,0,866.23,6,7,6.5,3,0.00229
21,575,293.5,296.5,295,0,866.23,7.7,8.7,8.2,0,0.00229
21,600,270.7,273.7,272.2,0,866.23,9.8,10.8,10.3,12,0.00229
21,605,266.2,269.2,267.7,0,866.23,10.2,11.5,10.85,0,0.00229
21,610,261.7,264.7,263.2,0,866.23,10.7,12,11.35,0,0.00229
21,615,257.2,260.2,258.7,0,866.23,11.2,12.5,11.85,0,0.00229
21,620,252.8,255.8,254.3,0,866.23,11.7,13,12.35,0,0.00229
21,625,248.4,251.4,249.9,0,866.23,12.3,13.6,12.95,0,0.00229
21,630,244,247,245.5,0,866.23,12.9,14.2,13.55,0,0.00229
21,635,239.6,242.6,241.1,0,866.23,13.5,14.8,14.15,0,0.00229
21,640,235.2,238.2,236.7,0,866.23,14.1,15.4,14.75,0,0.00229
21,645,230.9,233.9,232.4,0,866.23,14.7,16,15.35,0,0.00229
21,650,226.6,229.6,228.1,0,866.23,15.4,16.7,16.05,0,0.00229
21,655,222.3,225.3,223.8,0,866.23,16.1,17.4,16.75,0,0.00229
21,660,218,221,219.5,0,866.23,16.8,18.1,17.45,0,0.00229
21,665,213.8,216.8,215.3,0,866.23,17.5,18.8,18.15,0,0.00229
21,670,209.6,212.6,211.1,0,866.23,18.3,19.6,18.95,0,0.00229
21,675,205.4,208.4,206.9,0,866.23,19.1,20.4,19.75,0,0.00229
21,680,201.2,204.2,202.7,0,866.23,19.9,21.2,20.55,0,0.00229
21,685,197.1,200.1,198.6,0,866.23,20.8,22.1,21.45,0,0.00229
21,690,193,196,194.5,0,866.23,21.7,23,22.35,4,0.00229
21,695,188.9,191.9,190.4,0,866.23,22.6,23.9,23.25,0,0.00229
21,700,184.9,187.9,186.4,0,866.23,23.5,24.8,24.15,358,0.00229
21,705,180.8,183.8,182.3,0,866.23,24.5,25.8,25.15,0,0.00229
21,710,176.9,179.9,178.4,0,866.23,25.5,26.8,26.15,0,0.00229
21,715,172.9,175.9,174.4,0,866.23,26.5,27.8,27.15,0,0.00229
21,720,169,172,170.5,0,866.23,27.6,28.9,28.25,0,0.00229
21,725,165.1,168.1,166.6,0,866.23,28.6,29.9,29.25,405,0.00229
21,730,161.2,164.2,162.7,0,866.23,29.8,31.1,30.45,0,0.00229
21,735,157.4,160.4,158.9,0,866.23,30.7,32.5,31.6,0,0.00229
21,740,153.6,156.6,155.1,0,866.23,31.9,33.7,32.8,0,0.00229
21,745,149.9,152.9,151.4,0,866.23,33.1,34.9,34,0,0.00229
21,750,146.2,149.2,147.7,10,866.23,34.4,36.2,35.3,1750,0.00229
21,775,128.2,131.2,129.7,0,866.23,41.3,43.1,42.2,56,0.00229
21,780,124.7,127.7,126.2,0,866.23,42.8,44.6,43.7,0,0.00229
21,800,111.2,114.2,112.7,0,866.23,49.2,51,50.1,4430,0.00229
21,820,98.4,101.4,99.9,0,866.23,57.2,58.1,57.65,0,0.00229
21,825,95.3,98.3,96.8,0,866.23,58.2,60,59.1,300,0.00229
21,830,92.3,95.3,93.8,0,866.23,59.6,62.6,61.1,0,0.00229
21,835,89.3,92.3,90.8,0,866.23,61.6,64.6,63.1,8,0.00229
21,840,86.3,89.3,87.8,0,866.23,63.6,66.6,65.1,3,0.00229
21,850,80.6,83.6,82.1,1953,866.23,67.9,70.9,69.4,501,0.00229
21,875,67.2,68.8,68,404,866.23,79.4,82.4,80.9,200,0.00229
21,890,59.8,62.8,61.3,0,866.23,86.9,89.9,88.4,0,0.00229
21,900,55.7,57.5,56.6,81,866.23,92.2,95.2,93.7,76,0.00229
21,910,51.3,53.1,52.2,36,866.23,97.8,100.8,99.3,0,0.00229
21,925,45.1,46.9,46,203,866.23,106.5,109.5,108,0,0.00229
21,950,35.8,37.6,36.7,2208,866.23,122.1,125.1,123.6,0,0.00229
21,975,28.1,29.4,28.75,201,866.23,139,142,140.5,0,0.00229
21,1000,21.4,22.1,21.75,24,866.23,157.3,160.3,158.8,0,0.00229
21,1025,16,17.3,16.65,1800,866.23,176.8,179.8,178.3,0,0.00229
21,1050,11.7,13,12.35,9,866.23,197.4,200.4,198.9,2000,0.00229
21,1075,8.5,9.5,9,0,866.23,219,222,220.5,0,0.00229
21,1100,5.9,6.9,6.4,20,866.23,241.3,244.3,242.8,2000,0.00229
21,1125,4.1,4.9,4.5,0,866.23,264.3,267.3,265.8,0,0.00229
21,1150,2.85,3.5,3.175,14,866.23,287.9,290.9,289.4,0,0.00229
21,1175,1.85,2.45,2.15,7,866.23,311.8,314.8,313.3,4,0.00229
21,1200,1.25,1.85,1.55,0,866.23,336.1,339.1,337.6,0,0.00229
21,1225,0.8,1.4,1.1,0,866.23,360.5,363.5,362,0,0.00229
21,1250,0.5,1.1,0.8,0,866.23,385.1,388.1,386.6,0,0.00229
21,1275,0.25,0.85,0.55,0,866.23,409.8,412.8,411.3,0,0.00229
21,1300,0.1,0.75,0.425,0,866.23,434.6,437.6,436.1,0,0.00229
21,1325,0.05,0.65,0.35,0,866.23,459.4,462.4,460.9,0,0.00229
21,1350,0,0.55,0.275,0,866.23,484.3,487.3,485.8,0,0.00229
21,1375,0,0.45,0.225,0,866.23,509.1,512.1,510.6,0,0.00229
21,1400,0,0.4,0.2,0,866.23,533.9,536.9,535.4,0,0.00229
21,1425,0,0.35,0.175,0,866.23,558.8,561.8,560.3,0,0.00229
21,1450,0,0.35,0.175,0,866.23,583.7,586.7,585.2,0,0.00229
21,1475,0,0.35,0.175,0,866.23,608.6,611.6,610.1,0,0.00229
21,1500,0,0.35,0.175,0,866.23,633.5,636.5,635,0,0.00229
21,1525,0,0.3,0.15,0,866.23,658.4,661.4,659.9,0,0.00229
21,1550,0,0.3,0.15,0,866.23,683.3,686.3,684.8,0,0.00229
21,1575,0,0.3,0.15,0,866.23,708.2,711.2,709.7,0,0.00229
21,1600,0,0.3,0.15,0,866.23,733.1,736.1,734.6,0,0.00229
21,1625,0,0.3,0.15,0,866.23,758,761,759.5,0,0.00229
21,1650,0,0.3,0.15,0,866.23,783,786,784.5,0,0.00229
21,500,364.2,367.2,365.7,0,866.23,4.2,5,4.6,0,0.00229
21,550,317.2,320.2,318.7,0,866.23,6.8,7.9,7.35,0,0.00229
21,600,271.6,274.6,273.1,0,866.23,10.9,12.2,11.55,0,0.00229
21,625,249.5,252.5,251,0,866.23,13.7,15,14.35,0,0.00229
21,650,227.9,230.9,229.4,0,866.23,17,18.3,17.65,0,0.00229
21,675,206.9,209.9,208.4,0,866.23,21,22.3,21.65,0,0.00229
21,700,186.6,189.6,188.1,0,866.23,25.6,26.9,26.25,0,0.00229
21,725,167.1,170.1,168.6,0,866.23,30.7,32.5,31.6,0,0.00229
21,750,148.4,151.4,149.9,0,866.23,36.9,38.7,37.8,0,0.00229
21,775,130.6,133.6,132.1,4,866.23,44,45.8,44.9,0,0.00229
21,800,113.8,116.8,115.3,0,866.23,52.1,53.9,53,0,0.00229
21,850,83.5,86.5,85,0,866.23,71,73.7,72.35,0,0.00229
21,900,58.7,60.5,59.6,0,866.23,95.4,98.1,96.75,0,0.00229
21,950,38.5,40.3,39.4,0,866.23,125,127.7,126.35,0,0.00229
21,1000,23.8,25.1,24.45,0,866.23,159.9,162.7,161.3,0,0.00229
21,1025,18.1,19.4,18.75,0,866.23,179.1,181.9,180.5,0,0.00229
21,1050,13.5,14.9,14.2,0,866.23,199.4,202.3,200.85,0,0.00229
21,1075,9.9,11.2,10.55,0,866.23,220.7,223.6,222.15,0,0.00229
21,1100,7.2,8.2,7.7,0,866.23,242.8,245.7,244.25,0,0.00229
21,1125,5.1,6.1,5.6,0,866.23,265.5,268.5,267,0,0.00229
21,1150,3.6,4.4,4,0,866.23,288.8,291.8,290.3,0,0.00229
21,1175,2.5,3.1,2.8,0,866.23,312.5,315.5,314,0,0.00229
21,1200,1.65,2.25,1.95,0,866.23,336.6,339.6,338.1,0,0.00229
21,1225,1.15,1.75,1.45,0,866.23,361,363.9,362.45,0,0.00229
21,1250,0.75,1.35,1.05,0,866.23,385.5,388.4,386.95,0,0.00229
21,1275,0.45,1.05,0.75,0,866.23,410.1,413,411.55,0,0.00229
21,1300,0.25,0.85,0.55,0,866.23,434.8,437.7,436.25,0,0.00229
21,1350,0.05,0.65,0.35,0,866.23,484.4,487.3,485.85,0,0.00229
21,1400,0,0.5,0.25,0,866.23,534.1,537,535.55,0,0.00229
21,1450,0,0.35,0.175,0,866.23,583.8,586.8,585.3,0,0.00229
21,1500,0,0.35,0.175,0,866.23,633.5,636.6,635.05,0,0.00229
21,1550,0,0.35,0.175,0,866.23,683.3,686.3,684.8,0,0.00229
21,1600,0,0.3,0.15,0,866.23,733.1,736.1,734.6,0,0.00229
21,1650,0,0.3,0.15,0,866.23,782.9,785.9,784.4,0,0.00229
34,200,654.3,657.3,655.8,0,866.23,0.35,0.45,0.4,100,0.00368
34,250,605,608,606.5,0,866.23,0.35,0.95,0.65,0,0.00368
34,300,555.8,558.8,557.3,0,866.23,0.8,1.4,1.1,0,0.00368
34,350,507,510,508.5,0,866.23,1.75,2.35,2.05,0,0.00368
34,400,458.8,461.8,460.3,0,866.23,3.4,3.9,3.65,264,0.00368
34,450,411.3,414.3,412.8,0,866.23,5.2,6.2,5.7,0,0.00368
34,500,364.8,367.8,366.3,0,866.23,8.4,9.4,8.9,3,0.00368
34,525,342.1,345.1,343.6,0,866.23,10.4,11.7,11.05,2,0.00368
34,550,319.8,322.8,321.3,0,866.23,12.9,14.2,13.55,0,0.00368
34,575,297.9,300.9,299.4,0,866.23,15.8,17.1,16.45,25,0.00368
34,600,276.5,279.5,278,0,866.23,19.2,20,19.6,1507,0.00368
34,625,255.6,258.6,257.1,0,866.23,23.2,24.5,23.85,2,0.00368
34,650,235.2,238.2,236.7,0,866.23,27.7,29,28.35,2,0.00368
34,675,215.5,218.5,217,0,866.23,32.6,34.4,33.5,500,0.00368
34,700,196.4,199.4,197.9,0,866.23,39,40.2,39.6,843,0.00368
34,725,178.1,181.1,179.6,0,866.23,44.8,46.7,45.75,0,0.00368
34,750,160.5,163.5,162,0,866.23,52.1,53.9,53,1,0.00368
34,775,143.8,146.8,145.3,0,866.23,59.6,62.6,61.1,12,0.00368
34,800,127.9,130.9,129.4,0,866.23,68.6,71.6,70.1,1850,0.00368
34,825,112.9,115.9,114.4,0,866.23,78.4,81.4,79.9,241,0.00368
34,850,98.9,101.9,100.4,1450,866.23,89.3,92.3,90.8,2657,0.00368
34,875,85.9,88.9,87.4,42,866.23,101.1,104.1,102.6,40,0.00368
34,900,73.9,77,75.45,1758,866.23,114,117,115.5,1627,0.00368
34,915,67.3,70.3,68.8,12,866.23,122.2,125.2,123.7,0,0.00368
34,925,63,66,64.5,0,866.23,127.9,130.9,129.4,0,0.00368
34,950,53.8,55.6,54.7,750,866.23,142.9,145.9,144.4,250,0.00368
34,975,45,46.8,45.9,34,866.23,158.9,161.9,160.4,0,0.00368
34,1000,37.2,39,38.1,251,866.23,176,179,177.5,0,0.00368
34,1025,30.4,32.2,31.3,1,866.23,194.1,197.1,195.6,0,0.00368
34,1050,24.8,26.1,25.45,529,866.23,213.1,216.1,214.6,0,0.00368
34,1075,19.9,21.2,20.55,0,866.23,232.9,236,234.45,0,0.00368
34,1100,15.7,16.8,16.25,539,866.23,253.6,256.6,255.1,0,0.00368
34,1125,12.3,13.6,12.95,0,866.23,275,278,276.5,0,0.00368
34,1150,9.6,10.6,10.1,0,866.23,297,300,298.5,0,0.00368
34,1175,7.3,8.3,7.8,0,866.23,319.6,322.6,321.1,0,0.00368
34,1200,5.5,6.1,5.8,83,866.23,342.6,345.6,344.1,0,0.00368
34,1225,4.2,5,4.6,0,866.23,366,369,367.5,0,0.00368
34,1250,3,3.8,3.4,11,866.23,389.8,392.8,391.3,0,0.00368
34,1275,2.3,2.9,2.6,0,866.23,413.8,416.8,415.3,0,0.00368
34,1300,1.65,2.15,1.9,10,866.23,438,441,439.5,0,0.00368
34,1325,1.25,1.8,1.525,0,866.23,462.4,465.4,463.9,0,0.00368
34,1350,0.9,1.45,1.175,0,866.23,486.9,489.9,488.4,3,0.00368
34,1375,0.65,1.15,0.9,0,866.23,511.5,514.5,513,0,0.00368
34,1400,0.5,1,0.75,0,866.23,536.1,539.1,537.6,0,0.00368
34,1425,0.25,0.9,0.575,0,866.23,560.8,563.8,562.3,0,0.00368
34,1450,0.15,0.75,0.45,0,866.23,585.5,588.5,587,6,0.00368
34,1475,0.1,0.7,0.4,0,866.23,610.3,613.3,611.8,0,0.00368
34,1500,0.1,0.65,0.375,0,866.23,635.1,638.1,636.6,0,0.00368
34,1525,0,0.55,0.275,0,866.23,659.8,662.8,661.3,0,0.00368
34,1550,0,0.5,0.25,0,866.23,684.6,687.6,686.1,3,0.00368
34,1600,0,0.4,0.2,0,866.23,734.2,737.2,735.7,0,0.00368
34,1650,0,0.35,0.175,0,866.23,783.8,786.8,785.3,0,0.00368
34,1700,0,0.15,0.075,0,866.23,833.5,836.5,835,0,0.00368
34,1800,0,0.3,0.15,0,866.23,932.8,935.8,934.3,0,0.00368
34,1900,0,0.15,0.075,0,866.23,1032.2,1035.2,1033.7,0,0.00368
34,1950,0,0.3,0.15,0,866.23,1081.9,1084.9,1083.4,0,0.00368
34,2000,0,0.3,0.15,0,866.23,1131.6,1134.6,1133.1,0,0.00368
34,2250,0,0.3,0.15,0,866.23,1380,1383,1381.5,0,0.00368
34,2500,0,0.3,0.15,0,866.23,1628.4,1631.4,1629.9,0,0.00368
34,500,365,368,366.5,0,866.23,9.1,10.1,9.6,0,0.00368
34,550,320.2,323.2,321.7,0,866.23,13.8,15.1,14.45,0,0.00368
34,600,277.2,280.2,278.7,0,866.23,20.4,21.7,21.05,0,0.00368
34,650,236.3,239.3,237.8,0,866.23,29.2,30.5,29.85,0,0.00368
34,700,197.8,200.8,199.3,0,866.23,40.1,41.9,41,0,0.00368
34,725,179.6,182.6,181.1,0,866.23,46.7,48.5,47.6,0,0.00368
34,750,162.1,165.1,163.6,0,866.23,54.1,55.9,55,0,0.00368
34,800,129.7,132.7,131.2,0,866.23,70.8,73.7,72.25,0,0.00368
34,850,100.9,103.9,102.4,0,866.23,91.7,94.6,93.15,0,0.00368
34,900,76,79,77.5,0,866.23,116.4,119.2,117.8,0,0.00368
34,950,55.8,57.6,56.7,0,866.23,145.3,148.2,146.75,0,0.00368
34,1000,39.1,40.9,40,0,866.23,178.2,181.2,179.7,0,0.00368
34,1040,28.8,30.1,29.45,0,866.23,207.4,210.3,208.85,0,0.00368
34,1050,26.5,27.8,27.15,0,866.23,215,218,216.5,0,0.00368
34,1100,17.1,18.4,17.75,0,866.23,255.2,258.1,256.65,0,0.00368
34,1150,10.5,11.8,11.15,0,866.23,298.3,301.3,299.8,2,0.00368
34,1200,6.3,7.3,6.8,0,866.23,343.6,346.5,345.05,0,0.00368
34,1250,3.6,4.4,4,0,866.23,390.5,393.4,391.95,0,0.00368
34,1300,2,2.6,2.3,0,866.23,438.5,441.4,439.95,0,0.00368
34,1350,1.1,1.65,1.375,0,866.23,487.2,490.1,488.65,0,0.00368
34,1400,0.6,1.1,0.85,0,866.23,536.3,539.2,537.75,0,0.00368
34,1450,0.25,0.85,0.55,0,866.23,585.7,588.5,587.1,0,0.00368
34,1500,0.05,0.7,0.375,0,866.23,635.2,638,636.6,0,0.00368
34,1600,0,0.45,0.225,0,866.23,734.2,737.2,735.7,0,0.00368
47,200,649.4,653.1,651.25,0,866.23,0.2,0.9,0.55,0,0.00463
47,250,600.5,604.2,602.35,0,866.23,0.75,1.5,1.125,0,0.00463
47,300,552,555.6,553.8,0,866.23,1.7,2.5,2.1,0,0.00463
47,350,504,507.7,505.85,0,866.23,3.2,4.2,3.7,0,0.00463
47,400,456.8,460.5,458.65,0,866.23,5.4,6.7,6.05,0,0.00463
47,450,410.7,414.4,412.55,0,866.23,8.8,10.1,9.45,0,0.00463
47,475,388.2,391.9,390.05,0,866.23,10.8,12.5,11.65,0,0.00463
47,500,366,369.7,367.85,0,866.23,13.4,15.1,14.25,0,0.00463
47,525,344.2,347.9,346.05,0,866.23,16.4,18,17.2,0,0.00463
47,550,322.8,326.6,324.7,0,866.23,19.8,21.5,20.65,0,0.00463
47,575,302,305.7,303.85,0,866.23,23.7,25.3,24.5,0,0.00463
47,600,281.6,285.3,283.45,0,866.23,28,29.7,28.85,3,0.00463
47,625,261.7,265.4,263.55,0,866.23,32.6,34.9,33.75,0,0.00463
47,650,242.4,246,244.2,0,866.23,38.1,40.3,39.2,3,0.00463
47,675,223.7,227.3,225.5,0,866.23,44.1,46.4,45.25,0,0.00463
47,700,205.6,209.2,207.4,0,866.23,51,53.1,52.05,152,0.00463
47,725,188.2,191.8,190,0,866.23,58.2,60.4,59.3,0,0.00463
47,750,171.5,175.1,173.3,0,866.23,65.5,68.9,67.2,1,0.00463
47,775,155.5,159.1,157.3,0,866.23,74.4,77.7,76.05,0,0.00463
47,800,140.3,143.9,142.1,0,866.23,83.9,87.3,85.6,26,0.00463
47,825,126,129.3,127.65,0,866.23,94.2,97.6,95.9,0,0.00463
47,850,112.4,115.8,114.1,1750,866.23,105.4,108.7,107.05,1850,0.00463
47,875,99.6,103,101.3,0,866.23,117.5,120.7,119.1,0,0.00463
47,900,87.9,91.3,89.6,0,866.23,130.4,133.7,132.05,0,0.00463
47,925,76.8,80.4,78.6,1,866.23,144.3,147.5,145.9,0,0.00463
47,950,66.9,70.2,68.55,1400,866.23,159,162.2,160.6,0,0.00463
47,975,58.5,60.7,59.6,10,866.23,174.6,177.9,176.25,0,0.00463
47,1000,50.2,52.4,51.3,0,866.23,191,194.3,192.65,0,0.00463
47,1025,42.7,45,43.85,10,866.23,208.4,211.6,210,0,0.00463
47,1050,36,38.2,37.1,0,866.23,226.5,229.7,228.1,0,0.00463
47,1075,30.1,32.4,31.25,10,866.23,245.4,248.7,247.05,0,0.00463
47,1100,25.4,27,26.2,0,866.23,265,268.4,266.7,0,0.00463
47,1150,17.1,18.8,17.95,10,866.23,306.3,309.6,307.95,0,0.00463
47,1200,11.2,12.8,12,0,866.23,349.8,353.1,351.45,0,0.00463
47,1250,7.1,8.4,7.75,0,866.23,395.2,398.6,396.9,0,0.00463
47,1300,4.4,5.4,4.9,0,866.23,441.9,445.2,443.55,0,0.00463
47,1400,1.65,2.3,1.975,0,866.23,538,541.2,539.6,0,0.00463
47,1500,0.45,1.1,0.775,0,866.23,635.9,639.1,637.5,0,0.00463
47,400,457,460.7,458.85,0,866.23,5.8,7.1,6.45,0,0.00463
47,450,411.2,414.8,413,0,866.23,9.4,10.6,10,0,0.00463
47,500,366.6,370.2,368.4,0,866.23,14.2,15.8,15,0,0.00463
47,550,323.7,327.3,325.5,0,866.23,20.8,22.4,21.6,0,0.00463
47,600,282.5,286.2,284.35,0,866.23,29.2,30.8,30,0,0.00463
47,650,243.6,247.3,245.45,0,866.23,39.5,41.7,40.6,0,0.00463
47,700,207,210.7,208.85,0,866.23,52.4,54.7,53.55,0,0.00463
47,750,173.1,176.7,174.9,0,866.23,67.3,70.4,68.85,0,0.00463
47,800,142.1,145.5,143.8,0,866.23,85.8,88.8,87.3,0,0.00463
47,850,114.3,117.6,115.95,0,866.23,107.5,110.4,108.95,0,0.00463
47,900,89.7,93.1,91.4,0,866.23,132.5,135.5,134,0,0.00463
47,950,68.8,72.1,70.45,0,866.23,161,163.9,162.45,0,0.00463
47,1000,52,54.3,53.15,0,866.23,193,195.9,194.45,0,0.00463
47,1050,37.7,39.9,38.8,0,866.23,228.3,231,229.65,0,0.00463
47,1100,26.9,28.5,27.7,0,866.23,266.6,269.4,268,0,0.00463
47,1150,18.4,20,19.2,0,866.23,307.6,310.5,309.05,0,0.00463
47,1200,12.2,13.8,13,0,866.23,350.9,353.8,352.35,0,0.00463
47,1250,7.9,9.2,8.55,0,866.23,396,398.9,397.45,0,0.00463
47,1300,4.9,6.1,5.5,0,866.23,442.4,445.4,443.9,0,0.00463
47,1350,3,4,3.5,0,866.23,489.9,492.9,491.4,0,0.00463
47,1400,1.95,2.5,2.225,0,866.23,538.2,541.1,539.65,0,0.00463
47,1450,1.1,1.75,1.425,0,866.23,586.9,589.8,588.35,0,0.00463
47,1500,0.6,1.25,0.925,0,866.23,635.9,638.7,637.3,0,0.00463
47,1550,0.35,1,0.675,0,866.23,685.2,687.9,686.55,0,0.00463
60,200,645.8,650.3,648.05,0,866.23,0.8,1.3,1.05,0,0.00575
60,300,549.4,553.9,551.65,0,866.23,2.7,3.6,3.15,28,0.00575
60,400,456.2,460.7,458.45,0,866.23,7.9,9.4,8.65,0,0.00575
60,500,368.1,372.6,370.35,0,866.23,18.3,20.3,19.3,0,0.00575
60,550,326.6,331.1,328.85,0,866.23,26.1,28,27.05,0,0.00575
60,600,286.9,291.4,289.15,0,866.23,36.1,38.1,37.1,0,0.00575
60,650,249.3,253.8,251.55,0,866.23,47.2,49.9,48.55,0,0.00575
60,675,231.4,235.9,233.65,0,866.23,53.9,56.6,55.25,0,0.00575
60,700,214.1,218.6,216.35,0,866.23,60.4,64.9,62.65,151,0.00575
60,750,181.4,185.9,183.65,0,866.23,77,81.5,79.25,1028,0.00575
60,775,166,170.5,168.25,0,866.23,86.4,90.9,88.65,0,0.00575
60,800,151.4,155.9,153.65,0,866.23,96.3,100.8,98.55,0,0.00575
60,850,124.2,128.8,126.5,0,866.23,118.5,123,120.75,0,0.00575
60,900,100.1,104.6,102.35,1,866.23,143.8,148.3,146.05,0,0.00575
60,950,79.1,83.6,81.35,300,866.23,172.1,176.6,174.35,0,0.00575
60,1000,61.2,65.7,63.45,0,866.23,203.5,208,205.75,0,0.00575
60,1025,54.2,56.9,55.55,0,866.23,220.3,224.8,222.55,0,0.00575
60,1050,47.1,49.8,48.45,0,866.23,237.9,242.4,240.15,0,0.00575
60,1100,34.9,37.6,36.25,150,866.23,275,279.5,277.25,0,0.00575
60,1150,25.5,27.5,26.5,0,866.23,314.7,319.2,316.95,0,0.00575
60,1200,18.1,20.1,19.1,0,866.23,356.5,361,358.75,0,0.00575
60,1250,12.4,14.4,13.4,0,866.23,400.2,404.7,402.45,0,0.00575
60,1300,8.5,10,9.25,0,866.23,445.4,449.9,447.65,0,0.00575
60,1350,5.6,7.1,6.35,0,866.23,491.8,496.3,494.05,0,0.00575
60,1400,3.7,4.9,4.3,0,866.23,539.1,543.6,541.35,0,0.00575
60,1450,2.45,3.4,2.925,0,866.23,587.1,591.6,589.35,0,0.00575
60,1500,1.55,2.45,2,0,866.23,635.5,640,637.75,0,0.00575
60,1550,0.9,1.8,1.35,0,866.23,684.2,688.7,686.45,0,0.00575
60,1600,0.5,1.1,0.8,0,866.23,733.2,737.7,735.45,0,0.00575
60,1650,0.3,1.2,0.75,0,866.23,782.3,786.8,784.55,0,0.00575
60,1700,0.2,1.1,0.65,0,866.23,831.5,836,833.75,0,0.00575
60,1750,0.1,1,0.55,0,866.23,880.8,885.3,883.05,0,0.00575
60,1800,0,0.75,0.375,0,866.23,929.9,934.4,932.15,0,0.00575
60,1900,0,0.5,0.25,0,866.23,1028.3,1032.8,1030.55,0,0.00575
60,2000,0,0.5,0.25,0,866.23,1127,1131.5,1129.25,0,0.00575
86,200,639.9,645.2,642.55,0,866.23,1.25,2.15,1.7,0,0.0082
86,300,546.2,551.3,548.75,0,866.23,4.8,6.5,5.65,0,0.0082
86,400,456.9,462,459.45,0,866.23,13,15.3,14.15,0,0.0082
86,450,414.4,419.6,417,0,866.23,19.4,21.7,20.55,0,0.0082
86,500,373.5,378.8,376.15,0,866.23,28,28.5,28.25,1133,0.0082
86,525,353.7,359,356.35,0,866.23,31.7,34.9,33.3,0,0.0082
86,550,334.4,339.7,337.05,0,866.23,36.8,40,38.4,0,0.0082
86,575,315.6,320.8,318.2,0,866.23,42.5,45.6,44.05,0,0.0082
86,600,297.2,302.5,299.85,0,866.23,50.2,51.7,50.95,0,0.0082
86,650,262.1,267.3,264.7,0,866.23,61.3,66.5,63.9,0,0.0082
86,675,245.1,250.3,247.7,0,866.23,68.9,74.2,71.55,0,0.0082
86,700,228.8,234.1,231.45,0,866.23,77,82.3,79.65,10,0.0082
86,725,213.4,218.6,216,0,866.23,85.9,91.1,88.5,0,0.0082
86,750,198.1,203.3,200.7,0,866.23,95.2,100.5,97.85,0,0.0082
86,775,183.6,188.9,186.25,0,866.23,105.2,110.4,107.8,0,0.0082
86,800,169.9,175.1,172.5,0,866.23,115.8,121,118.4,1,0.0082
86,825,156.6,161.9,159.25,0,866.23,126.9,132.2,129.55,0,0.0082
86,850,144,149.2,146.6,450,866.23,138.6,143.9,141.25,200,0.0082
86,875,132,137.2,134.6,0,866.23,151.1,156.3,153.7,0,0.0082
86,900,120.6,125.8,123.2,1,866.23,164.2,169.4,166.8,0,0.0082
86,950,99.7,105,102.35,0,866.23,192.2,197.4,194.8,0,0.0082
86,1000,81.4,86.6,84,0,866.23,222.7,228,225.35,0,0.0082
86,1025,73.1,78.4,75.75,0,866.23,238.9,244.2,241.55,0,0.0082
86,1050,65.4,70.6,68,0,866.23,255.7,261,258.35,0,0.0082
86,1100,52.9,56.1,54.5,250,866.23,291.1,296.3,293.7,0,0.0082
86,1125,47,50.1,48.55,0,866.23,309.7,315,312.35,0,0.0082
86,1150,41.5,44.7,43.1,0,866.23,328.5,333.8,331.15,0,0.0082
86,1175,36.6,39.7,38.15,0,866.23,348,353.3,350.65,0,0.0082
86,1200,32.1,35.2,33.65,0,866.23,368,373.2,370.6,0,0.0082
86,1250,24.8,27.1,25.95,0,866.23,409.2,414.4,411.8,0,0.0082
86,1300,18.6,20.9,19.75,0,866.23,451.9,457.2,454.55,0,0.0082
86,1325,16,18.3,17.15,0,866.23,473.8,479,476.4,0,0.0082
86,1350,13.8,16,14.9,0,866.23,496,501.2,498.6,0,0.0082
86,1375,11.8,14.1,12.95,0,866.23,518.4,523.6,521,0,0.0082
86,1400,10,12.3,11.15,0,866.23,541.1,546.3,543.7,0,0.0082
86,1425,8.7,10.5,9.6,0,866.23,564,569.2,566.6,0,0.0082
86,1450,7.4,9.1,8.25,0,866.23,587.1,592.3,589.7,0,0.0082
86,1500,5.2,6.9,6.05,0,866.23,633.8,639,636.4,0,0.0082
86,1550,3.8,5.2,4.5,0,866.23,681.1,686.3,683.7,0,0.0082
86,1600,2.8,3.9,3.35,0,866.23,728.8,734.1,731.45,0,0.0082
86,1700,1.35,2.4,1.875,0,866.23,825.1,830.4,827.75,0,0.0082
86,1800,0.55,1.6,1.075,0,866.23,922.2,927.5,924.85,0,0.0082
86,1900,0.3,1.35,0.825,0,866.23,1019.7,1024.9,1022.3,0,0.0082
86,2000,0.1,1.2,0.65,0,866.23,1117.3,1122.6,1119.95,0,0.0082
86,2100,0.1,0.5,0.3,0,866.23,1214.6,1219.9,1217.25,0,0.0082
86,2150,0.1,0.6,0.35,0,866.23,1263.5,1268.7,1266.1,0,0.0082
86,2250,0.05,0.6,0.325,0,866.23,1361.2,1366.5,1363.85,0,0.0082
86,2500,0.05,0.55,0.3,0,866.23,1605.7,1610.9,1608.3,0,0.0082
138,250,587,591,589,0,866.23,7.4,8.2,7.8,0,0.01245
138,280,561,565.3,563.15,0,866.23,9.5,11.5,10.5,0,0.01245
138,300,544,548.3,546.15,0,866.23,11.3,13.9,12.6,0,0.01245
138,350,502.5,507,504.75,0,866.23,17.5,20.1,18.8,0,0.01245
138,400,462.5,467.1,464.8,0,866.23,25.3,27.9,26.6,0,0.01245
138,450,424.1,429,426.55,0,866.23,34.2,37.8,36,0,0.01245
138,500,387.4,392.6,390,0,866.23,45,48.6,46.8,0,0.01245
138,550,352.4,357.9,355.15,0,866.23,57.7,61.3,59.5,41,0.01245
138,600,319.1,324.6,321.85,0,866.23,71.1,76.9,74,403,0.01245
138,650,287.6,293,290.3,0,866.23,87.2,93.2,90.2,0,0.01245
138,700,257.9,263.3,260.6,0,866.23,105.3,111.3,108.3,0,0.01245
138,750,230.1,235.4,232.75,1,866.23,125.2,131.2,128.2,1,0.01245
138,800,204.1,209.4,206.75,0,866.23,146.9,152.9,149.9,0,0.01245
138,825,191.9,197.2,194.55,0,866.23,158.5,164.5,161.5,0,0.01245
138,850,180.1,185.2,182.65,300,866.23,170.6,176.6,173.6,400,0.01245
138,900,158,163,160.5,7,866.23,196.2,202.2,199.2,0,0.01245
138,920,149.7,154.8,152.25,0,866.23,206.9,212.9,209.9,0,0.01245
138,950,137.7,142.5,140.1,0,866.23,223.6,229.6,226.6,0,0.01245
138,1000,119.4,124.2,121.8,304,866.23,252.9,258.9,255.9,0,0.01245
138,1025,110.8,115.7,113.25,0,866.23,268.3,274.3,271.3,0,0.01245
138,1050,102.8,107.6,105.2,0,866.23,284,290,287,0,0.01245
138,1100,87.9,92.7,90.3,7,866.23,316.9,322.9,319.9,0,0.01245
138,1200,63,68,65.5,4,866.23,387.4,393.4,390.4,0,0.01245
138,1300,45.1,48.7,46.9,0,866.23,463.8,469.8,466.8,0,0.01245
138,1400,30.9,34.5,32.7,0,866.23,544.9,550.9,547.9,0,0.01245
138,1500,21,23.6,22.3,0,866.23,630,636,633,0,0.01245
138,1600,13.7,16.3,15,0,866.23,718.1,724.1,721.1,0,0.01245
138,1700,8.9,11,9.95,0,866.23,808.5,814.5,811.5,0,0.01245
138,1800,5.7,7.7,6.7,0,866.23,900.6,906.6,903.6,0,0.01245
138,1900,3.7,5.3,4.5,0,866.23,993.9,999.9,996.9,0,0.01245
138,2000,2.45,3.7,3.075,0,866.23,1087.9,1093.9,1090.9,0,0.01245
